function,execution_time
init_board,2.86102294921875e-06
init_adjacent_cells,6.198883056640625e-06
is_valid_direction,5.7220458984375e-06
is_valid_direction,5.7220458984375e-06
is_valid_direction,5.4836273193359375e-06
is_valid_direction,8.58306884765625e-06
is_valid_direction,4.76837158203125e-06
is_valid_direction,7.62939453125e-06
is_valid_direction,5.7220458984375e-06
is_valid_direction,8.344650268554688e-06
is_valid_direction,5.7220458984375e-06
is_valid_direction,5.4836273193359375e-06
is_valid_direction,5.0067901611328125e-06
is_valid_direction,5.4836273193359375e-06
is_valid_direction,8.106231689453125e-06
is_valid_direction,5.7220458984375e-06
is_valid_direction,5.4836273193359375e-06
is_valid_direction,5.245208740234375e-06
is_valid_direction,5.0067901611328125e-06
is_valid_direction,5.7220458984375e-06
is_valid_direction,9.5367431640625e-06
is_valid_direction,5.9604644775390625e-06
is_valid_direction,5.9604644775390625e-06
is_valid_direction,5.4836273193359375e-06
is_valid_direction,5.245208740234375e-06
is_valid_direction,6.198883056640625e-06
is_valid_direction,5.9604644775390625e-06
is_valid_direction,5.7220458984375e-06
is_valid_direction,5.4836273193359375e-06
is_valid_direction,6.198883056640625e-06
is_valid_direction,6.67572021484375e-06
is_valid_direction,6.9141387939453125e-06
is_valid_direction,5.7220458984375e-06
is_valid_direction,6.4373016357421875e-06
is_valid_direction,1.0013580322265625e-05
is_valid_direction,6.4373016357421875e-06
is_valid_direction,6.4373016357421875e-06
is_valid_direction,5.7220458984375e-06
is_valid_direction,9.059906005859375e-06
is_valid_direction,4.76837158203125e-06
is_valid_direction,5.4836273193359375e-06
is_valid_direction,5.7220458984375e-06
is_valid_direction,6.4373016357421875e-06
is_valid_direction,5.4836273193359375e-06
is_valid_direction,5.7220458984375e-06
is_valid_direction,6.4373016357421875e-06
is_valid_direction,6.67572021484375e-06
is_valid_direction,6.198883056640625e-06
is_valid_direction,5.4836273193359375e-06
is_valid_direction,7.3909759521484375e-06
is_valid_direction,5.4836273193359375e-06
is_valid_direction,5.9604644775390625e-06
is_valid_direction,5.0067901611328125e-06
is_valid_direction,5.7220458984375e-06
is_valid_direction,5.7220458984375e-06
get_possible_moves,0.06632232666015625
othello,0.0696418285369873
